waypoint_id,row,col,cost,roughness,slope,shadow_risk,hazard_clearance,hard_hazard
1,636.000,76.000,5.353758,0.007689,0.011228,0.551173,21.485,0
2,633.500,73.500,5.241589,0.017762,0.012124,0.552924,22.657,0
3,631.000,71.000,4.871597,0.003782,0.013700,0.545734,24.414,0
4,628.500,68.500,4.931198,0.038279,0.017253,0.543459,25.828,0
5,626.000,66.000,4.773427,0.039305,0.021844,0.581067,28.000,0
6,623.500,63.500,4.470729,0.017868,0.021299,0.613821,30.000,0
7,621.000,61.000,4.101277,0.015899,0.017149,0.624927,33.799,0
8,618.500,58.500,4.144418,0.012735,0.014439,0.614012,32.627,0
9,616.000,56.000,4.355115,0.003252,0.013721,0.665494,30.870,0
10,613.500,53.500,4.584656,0.021279,0.018092,0.647524,29.698,0
11,611.000,51.000,4.480742,0.007404,0.022044,0.635456,29.698,0
12,608.500,48.500,4.610976,0.014191,0.025786,0.664555,29.698,0
13,606.000,46.000,4.434838,0.005616,0.028734,0.660090,30.870,0
14,603.500,43.500,4.500342,0.037183,0.032189,0.633122,32.041,0
15,601.000,41.000,4.117815,0.002890,0.043364,0.614258,33.799,0
16,598.500,38.500,4.211115,0.026847,0.049295,0.610767,34.970,0
17,596.000,36.000,3.922467,0.032800,0.050992,0.517358,36.728,0
18,591.000,36.000,3.809902,0.016568,0.041642,0.467047,34.657,0
19,588.500,33.500,3.614046,0.019541,0.032810,0.430404,35.828,0
20,586.000,31.000,3.387434,0.004361,0.018540,0.448605,37.041,0
21,583.500,28.500,3.450743,0.013327,0.013558,0.421132,35.870,0
22,581.000,26.000,3.558290,0.010436,0.012104,0.418971,34.112,0
23,578.500,23.500,3.649323,0.013862,0.010798,0.429817,33.527,0
24,576.000,21.000,3.875766,0.031776,0.009799,0.465612,33.213,0
25,573.500,18.500,3.882683,0.021448,0.010208,0.452387,32.041,0
26,571.000,16.000,3.989576,0.013796,0.008479,0.450646,30.284,0
27,568.500,13.500,4.037130,0.003440,0.009345,0.454967,29.284,0
28,566.000,11.000,4.209663,0.015260,0.012855,0.436766,28.284,0
29,563.500,8.500,4.177448,0.011562,0.015068,0.428861,28.284,0
30,561.000,6.000,4.310147,0.049349,0.015391,0.419249,29.284,0
31,556.000,6.000,4.384935,0.029979,0.014742,0.397815,27.041,0
32,551.000,6.000,4.598335,0.018094,0.014329,0.410184,24.970,0
33,546.000,6.000,4.925164,0.034347,0.012833,0.371997,22.899,0
34,541.000,6.000,5.321778,0.039629,0.011959,0.382146,20.828,0
35,536.000,6.000,5.515261,0.026932,0.010878,0.360163,19.000,0
36,531.000,6.000,5.862144,0.041955,0.009508,0.382785,18.000,0
37,526.000,6.000,5.353104,0.003856,0.012658,0.355832,19.000,0
38,521.000,6.000,5.339914,0.046973,0.014560,0.361109,20.828,0
39,516.000,6.000,4.888024,0.034642,0.016205,0.346514,22.899,0
40,511.000,6.000,4.636637,0.048891,0.014145,0.330021,24.970,0
41,506.000,6.000,4.465897,0.058936,0.011903,0.348932,27.041,0
42,501.000,6.000,3.984949,0.038430,0.010972,0.316216,29.284,0
43,496.000,6.000,3.854556,0.044321,0.011461,0.366995,32.112,0
44,491.000,6.000,4.006724,0.041499,0.007420,0.344747,29.698,0
45,486.000,6.000,4.358211,0.039537,0.002573,0.349443,26.456,0
46,481.000,6.000,4.980995,0.039777,0.007767,0.342101,22.213,0
47,476.000,6.000,5.668636,0.037446,0.011246,0.340575,18.385,0
48,471.000,6.000,6.295232,0.039006,0.014191,0.335222,15.556,0
49,466.000,6.000,7.153087,0.041302,0.018412,0.330190,12.314,0
50,461.000,6.000,8.021538,0.033579,0.022930,0.349019,9.485,0
51,456.000,6.000,9.142323,0.040353,0.022661,0.380897,6.657,0
52,451.000,6.000,10.267261,0.065700,0.017621,0.406380,4.414,0
53,446.000,6.000,11.066129,0.045873,0.010753,0.430193,2.414,0
54,441.000,6.000,11.698924,0.035475,0.008381,0.431411,1.000,0
55,438.500,3.500,10.738196,0.008985,0.008352,0.403959,2.414,0
56,436.000,1.000,16.282468,0.795104,0.008648,0.954023,5.000,0
57,431.000,1.000,16.838575,0.812677,0.013300,0.943621,4.000,0
58,426.000,1.000,16.905240,0.827148,0.013524,0.927368,4.000,0
59,421.000,1.000,16.934263,0.840458,0.009218,0.907997,4.000,0
60,416.000,1.000,16.425193,0.835338,0.001825,0.906388,5.000,0
61,413.500,3.500,10.502729,0.020519,0.007146,0.353392,2.828,0
62,411.000,6.000,11.433733,0.046655,0.011010,0.367134,1.414,0
63,406.000,6.000,10.457234,0.038770,0.020950,0.367656,3.414,0
64,401.000,6.000,9.814003,0.030433,0.028718,0.447333,5.243,0
65,396.000,6.000,9.528981,0.048940,0.024283,0.452547,6.243,0
66,393.500,8.500,9.422295,0.014444,0.019379,0.524956,6.243,0
67,391.000,11.000,9.335369,0.018488,0.014589,0.556563,6.657,0
68,386.000,11.000,8.280828,0.018824,0.009840,0.543574,9.485,0
69,381.000,11.000,8.231573,0.035639,0.007126,0.549517,10.000,0
70,378.500,13.500,7.407633,0.017169,0.010934,0.539676,12.314,0
71,376.000,16.000,7.004496,0.008350,0.016098,0.546042,13.728,0
72,371.000,16.000,6.789600,0.008678,0.020522,0.581939,15.000,0
73,368.500,18.500,6.249532,0.022122,0.025000,0.584011,17.970,0
74,366.000,21.000,6.081414,0.026132,0.027197,0.616400,19.385,0
75,363.500,23.500,5.868966,0.012323,0.023903,0.635059,20.142,0
76,361.000,26.000,5.463866,0.011156,0.021249,0.629391,22.314,0
77,358.500,28.500,5.374294,0.005317,0.017758,0.669408,23.071,0
78,356.000,31.000,4.985074,0.002310,0.015874,0.649726,25.243,0
79,351.000,31.000,4.426187,0.008773,0.010573,0.646889,30.000,0
80,348.500,33.500,4.392252,0.008886,0.011521,0.675346,31.000,0
81,346.000,36.000,4.294372,0.019529,0.009554,0.696594,33.243,0
82,343.500,38.500,4.224877,0.022339,0.009934,0.684743,34.000,0
83,341.000,41.000,4.133656,0.017444,0.010284,0.675240,34.456,0
84,338.500,43.500,4.379018,0.029294,0.021250,0.638197,32.284,0
85,336.000,46.000,4.509351,0.030732,0.033955,0.638975,31.698,0
86,333.500,48.500,4.687608,0.030866,0.043051,0.607092,29.698,0
87,331.000,51.000,4.624796,0.046559,0.045870,0.550157,30.284,0
88,328.500,53.500,4.393457,0.013987,0.040306,0.513007,29.284,0
89,326.000,56.000,4.215098,0.028059,0.029698,0.478771,30.698,0
90,323.500,58.500,4.098189,0.020215,0.019970,0.472698,30.698,0
91,321.000,61.000,3.871957,0.007010,0.013924,0.448908,31.213,0
92,318.500,63.500,4.037952,0.018884,0.013215,0.453699,30.456,0
93,316.000,66.000,4.139425,0.005080,0.015723,0.430712,28.284,0
94,313.500,68.500,4.249849,0.024224,0.018064,0.414672,28.284,0
95,311.000,71.000,4.088272,0.004612,0.015473,0.387535,27.870,0
96,308.500,73.500,3.926129,0.006314,0.010412,0.392940,29.284,0
97,306.000,76.000,3.857696,0.012068,0.004741,0.385020,29.870,0
98,301.000,76.000,4.116230,0.018070,0.007034,0.372784,27.799,0
99,296.000,76.000,4.482499,0.021955,0.015995,0.388242,25.728,0
100,291.000,76.000,4.856998,0.014803,0.027380,0.422619,23.657,0
101,286.000,76.000,5.265823,0.020942,0.031398,0.446991,21.799,0
102,281.000,76.000,6.058286,0.022414,0.020962,0.505330,17.970,0
103,278.500,73.500,6.018731,0.021699,0.014782,0.503672,17.970,0
104,276.000,71.000,6.369099,0.006733,0.010794,0.525853,16.000,0
105,271.000,71.000,6.133354,0.003553,0.016307,0.490335,16.728,0
106,266.000,71.000,6.691593,0.019460,0.009013,0.491214,14.657,0
107,263.500,68.500,6.340413,0.008897,0.002304,0.507321,15.828,0
108,261.000,66.000,6.167306,0.025930,0.013611,0.464721,16.970,0
109,256.000,66.000,6.238326,0.009819,0.026194,0.522575,17.000,0
110,251.000,66.000,6.408584,0.034739,0.034401,0.542234,17.414,0
111,246.000,66.000,6.044025,0.009934,0.033564,0.624211,19.243,0
112,241.000,66.000,5.711157,0.015427,0.022127,0.651040,21.314,0
113,236.000,66.000,5.331266,0.019995,0.010736,0.640896,23.385,0
114,233.500,68.500,5.713496,0.021456,0.013386,0.644988,21.213,0
115,231.000,71.000,5.806299,0.021178,0.022310,0.635211,20.799,0
116,228.500,73.500,5.965315,0.033308,0.020449,0.591355,19.799,0
117,226.000,76.000,5.556817,0.010849,0.015905,0.569233,20.799,0
118,223.500,78.500,5.453966,0.014461,0.014266,0.547278,21.213,0
119,221.000,81.000,5.143379,0.019905,0.014527,0.547161,23.385,0
120,218.500,83.500,5.078652,0.022171,0.022613,0.543241,24.142,0
121,216.000,86.000,4.774731,0.025663,0.027004,0.519108,26.314,0
122,213.500,88.500,4.557787,0.009105,0.028365,0.513503,27.071,0
123,211.000,91.000,4.457046,0.045182,0.022750,0.480498,29.243,0
124,211.000,96.000,4.389543,0.021524,0.008634,0.461438,27.414,0
125,211.000,101.000,4.285325,0.005985,0.008756,0.440158,27.000,0
126,211.000,106.000,4.429061,0.021312,0.014865,0.465914,27.414,0
127,211.000,111.000,4.274704,0.020469,0.011726,0.501304,29.243,0
128,211.000,116.000,3.976798,0.011801,0.005502,0.504932,31.314,0
129,211.000,121.000,4.174909,0.029622,0.002374,0.531363,31.000,0
130,211.000,126.000,4.125495,0.028604,0.013096,0.487772,31.000,0
131,211.000,131.000,4.496615,0.031410,0.022318,0.472325,27.870,0
132,211.000,136.000,4.787687,0.014268,0.025286,0.423392,24.041,0
133,211.000,141.000,5.153171,0.006613,0.021065,0.420071,21.213,0
134,211.000,146.000,5.812917,0.004823,0.015228,0.423813,17.556,0
135,211.000,151.000,6.675044,0.012993,0.011791,0.391307,13.728,0
136,208.500,153.500,7.013238,0.018211,0.010797,0.409571,12.728,0
137,206.000,156.000,7.796283,0.030116,0.014230,0.387998,10.243,0
138,206.000,161.000,8.450166,0.038803,0.012512,0.386383,8.414,0
139,206.000,166.000,8.820247,0.015659,0.014637,0.390615,7.000,0
140,206.000,171.000,9.603041,0.020163,0.021492,0.400542,5.243,0
141,206.000,176.000,11.018770,0.035057,0.028855,0.401938,2.414,0
142,203.500,178.500,10.674852,0.033995,0.025377,0.347319,2.828,0
143,201.000,181.000,11.005560,0.037906,0.017064,0.321137,2.000,0
144,201.000,186.000,10.278112,0.007525,0.005653,0.332889,3.000,0
145,201.000,191.000,11.336735,0.027405,0.030559,0.339865,1.414,0
146,198.500,193.500,10.702886,0.020403,0.038705,0.373019,2.828,0
147,196.000,196.000,10.930902,0.026129,0.029509,0.388919,2.414,0
148,196.000,201.000,10.143772,0.017123,0.020974,0.414393,4.000,0
149,193.500,203.500,9.325203,0.015193,0.018679,0.436428,6.000,0
150,191.000,206.000,9.389622,0.011686,0.017940,0.415855,5.657,0
151,188.500,208.500,8.948704,0.017152,0.017662,0.378070,6.657,0
152,186.000,211.000,9.094825,0.037331,0.016805,0.382233,6.657,0
153,183.500,213.500,8.394988,0.037891,0.020538,0.357172,8.485,0
154,181.000,216.000,8.022367,0.016125,0.025567,0.362521,9.243,0
155,176.000,216.000,8.867700,0.029825,0.021803,0.420910,7.414,0
156,171.000,216.000,9.336755,0.019944,0.008489,0.449722,6.000,0
157,166.000,216.000,9.768515,0.026890,0.019054,0.413803,5.000,0
158,161.000,216.000,9.920737,0.040760,0.038277,0.395174,5.000,0
159,156.000,216.000,9.726922,0.023650,0.041747,0.320648,4.828,0
160,151.000,216.000,9.821619,0.018954,0.029422,0.242935,4.000,0
161,146.000,216.000,9.713104,0.001642,0.025973,0.256530,4.000,0
162,141.000,216.000,9.441709,0.025779,0.034052,0.234702,5.000,0
163,136.000,216.000,9.124133,0.012290,0.033653,0.289043,5.828,0
164,131.000,216.000,8.868535,0.025680,0.025880,0.355127,7.000,0
165,126.000,216.000,8.077179,0.015007,0.018373,0.370435,9.000,0
166,121.000,216.000,7.499936,0.016949,0.015872,0.407195,11.071,0
167,116.000,216.000,6.835586,0.011536,0.018664,0.403945,13.314,0
168,113.500,218.500,7.377405,0.013487,0.020380,0.385164,11.314,0
169,111.000,221.000,7.478552,0.023014,0.023153,0.394525,11.314,0
170,108.500,223.500,7.999647,0.021463,0.024278,0.435601,9.899,0
171,106.000,226.000,8.360263,0.017349,0.023804,0.452907,8.828,0
172,103.500,228.500,8.932773,0.039820,0.018633,0.494383,7.828,0
173,101.000,231.000,9.732358,0.026790,0.018621,0.522036,5.657,0
174,98.500,233.500,9.325284,0.022937,0.026314,0.511174,6.657,0
175,96.000,236.000,9.241979,0.041751,0.036504,0.490839,7.243,0
176,93.500,238.500,8.494700,0.059457,0.039413,0.433684,9.414,0
177,91.000,241.000,7.670061,0.021243,0.032033,0.342811,10.414,0
178,88.500,243.500,6.865236,0.009986,0.019144,0.349498,12.728,0
179,86.000,246.000,6.360726,0.030207,0.019214,0.310395,14.899,0
180,81.000,246.000,6.175201,0.048649,0.025883,0.312566,16.414,0
181,76.000,246.000,5.610450,0.018494,0.019749,0.364223,18.485,0
182,71.000,246.000,5.307473,0.027380,0.012354,0.380456,20.414,0
183,66.000,246.000,5.071197,0.029584,0.016080,0.398819,22.243,0
184,61.000,246.000,4.653771,0.030933,0.017895,0.344235,24.314,0
185,56.000,246.000,4.197286,0.003513,0.017401,0.353084,26.385,0
186,51.000,246.000,3.861848,0.008992,0.011529,0.310587,28.456,0
187,46.000,246.000,3.674229,0.010620,0.016774,0.317783,30.698,0
188,41.000,246.000,3.619360,0.014160,0.024675,0.367282,33.112,0
189,36.000,246.000,3.437232,0.012910,0.022072,0.399404,35.941,0
190,33.500,248.500,3.525307,0.014688,0.019220,0.405004,34.941,0
191,31.000,251.000,3.511626,0.019791,0.013923,0.409431,35.355,0
192,28.500,253.500,3.506381,0.011358,0.010914,0.440717,35.355,0
193,26.000,256.000,3.318477,0.002489,0.017970,0.434541,37.355,0
194,23.500,258.500,3.434199,0.019723,0.022556,0.434861,37.769,0
195,21.000,261.000,3.256501,0.010080,0.025377,0.441730,39.941,0
196,18.500,263.500,3.438138,0.042195,0.028513,0.435346,40.698,0
197,16.000,266.000,3.252070,0.024518,0.025816,0.466995,42.870,0
198,13.500,268.500,3.165654,0.023177,0.020474,0.461428,43.627,0
199,11.000,271.000,2.979527,0.017824,0.011303,0.460465,45.799,0
200,8.500,273.500,2.871374,0.013543,0.009067,0.444716,46.556,0
201,6.000,276.000,2.906408,0.040150,0.009187,0.414599,48.728,0
202,6.000,281.000,2.799032,0.025628,0.002838,0.389443,46.657,0
203,6.000,286.000,2.850916,0.025378,0.002312,0.378635,44.828,0
204,6.000,291.000,2.980109,0.030468,0.005668,0.392018,43.828,0
205,6.000,296.000,3.102387,0.038208,0.017889,0.376442,43.000,0
206,6.000,301.000,2.982175,0.028844,0.025191,0.353753,43.828,0
207,6.000,306.000,2.940901,0.030192,0.025923,0.350560,44.828,0
208,6.000,311.000,2.777742,0.017946,0.028990,0.344774,46.657,0
209,6.000,316.000,2.887016,0.052054,0.029455,0.321849,48.728,0
210,6.000,321.000,2.800791,0.025200,0.023398,0.414829,50.799,0
211,6.000,326.000,2.807269,0.031486,0.016774,0.442211,52.870,0
212,6.000,331.000,2.759120,0.041409,0.015024,0.418918,54.941,0
213,6.000,336.000,2.597962,0.018292,0.013264,0.446562,57.012,0
214,8.500,338.500,2.900722,0.032565,0.018506,0.483341,53.325,0
215,11.000,341.000,2.859638,0.012592,0.021176,0.482173,50.497,0
216,11.000,346.000,3.059794,0.023150,0.014625,0.481376,46.254,0
217,11.000,351.000,3.225774,0.013192,0.007307,0.512642,42.012,0
218,11.000,356.000,3.380624,0.015959,0.004234,0.464128,37.769,0
219,11.000,361.000,3.832254,0.035213,0.007188,0.469290,33.941,0
220,11.000,366.000,4.388322,0.025884,0.015845,0.521339,29.142,0
221,11.000,371.000,5.087338,0.035693,0.022774,0.503800,24.142,0
222,11.000,376.000,5.908618,0.035335,0.025642,0.491099,19.142,0
223,11.000,381.000,7.062664,0.033551,0.024067,0.522417,14.142,0
224,11.000,386.000,7.644854,0.039934,0.021274,0.520449,12.071,0
225,11.000,391.000,8.082071,0.014560,0.017674,0.524656,10.000,0
226,11.000,396.000,8.247538,0.030625,0.013332,0.558622,10.000,0
227,11.000,401.000,8.667699,0.014512,0.012120,0.574651,8.485,0
228,11.000,406.000,9.613806,0.030214,0.013761,0.574599,6.243,0
229,8.500,408.500,9.568195,0.038462,0.017021,0.593312,6.657,0
230,6.000,411.000,10.383857,0.067469,0.016987,0.569086,5.000,0
231,6.000,416.000,10.310165,0.048600,0.017603,0.594227,5.000,0
232,6.000,421.000,10.312554,0.049846,0.021058,0.583496,5.000,0
233,6.000,426.000,10.820905,0.058080,0.034224,0.526887,3.828,0
234,6.000,431.000,11.221403,0.060304,0.041660,0.475035,2.828,0
235,6.000,436.000,11.508130,0.057144,0.033721,0.450513,2.000,0
236,6.000,441.000,11.764685,0.043682,0.017229,0.415077,1.000,0
237,6.000,446.000,11.699100,0.055845,0.008077,0.367365,1.000,0
238,6.000,451.000,11.755968,0.042118,0.014717,0.421803,1.000,0
239,6.000,456.000,11.088717,0.024146,0.016013,0.405105,2.000,0
240,6.000,461.000,10.914937,0.041786,0.017185,0.450276,2.828,0
241,6.000,466.000,10.305491,0.029360,0.017875,0.421146,3.828,0
242,6.000,471.000,9.784552,0.028063,0.018661,0.418254,5.000,0
243,6.000,476.000,9.166788,0.032001,0.022047,0.449786,6.828,0
244,6.000,481.000,8.516445,0.042488,0.024746,0.441768,8.828,0
245,6.000,486.000,7.880562,0.038043,0.023296,0.472675,10.899,0
246,6.000,491.000,7.607205,0.044895,0.017933,0.495142,12.071,0
247,8.500,493.500,7.976911,0.034727,0.017206,0.540861,10.899,0
248,11.000,496.000,7.799760,0.017975,0.016906,0.570761,11.314,0
249,11.000,501.000,8.135367,0.020179,0.013047,0.541521,10.000,0
250,13.500,503.500,7.213894,0.010270,0.014605,0.589157,13.314,0
251,16.000,506.000,7.468014,0.028649,0.014038,0.575709,12.728,0
252,16.000,511.000,6.811108,0.021744,0.010839,0.572147,15.000,0
253,16.000,516.000,6.765452,0.012131,0.007465,0.589650,15.000,0
254,16.000,521.000,6.713019,0.005314,0.010243,0.581194,15.000,0
255,16.000,526.000,6.709571,0.003495,0.010696,0.584382,15.000,0
256,16.000,531.000,6.842595,0.035658,0.009294,0.545698,15.000,0
257,16.000,536.000,6.823228,0.032330,0.007636,0.551253,15.000,0
258,16.000,541.000,6.520061,0.022507,0.008066,0.532583,15.828,0
259,16.000,546.000,6.111637,0.005123,0.013387,0.595197,17.899,0
260,16.000,551.000,5.694381,0.004240,0.019264,0.577743,19.970,0
261,16.000,556.000,5.245073,0.016501,0.022133,0.575057,23.213,0
262,16.000,561.000,4.707589,0.034758,0.023358,0.573456,28.213,0
263,16.000,566.000,4.223623,0.035145,0.025648,0.576990,33.213,0
264,13.500,568.500,3.961628,0.042730,0.027383,0.511447,35.385,0
265,11.000,571.000,3.588928,0.009979,0.022120,0.484434,36.142,0
266,8.500,573.500,3.390609,0.012194,0.013261,0.465420,37.941,0
267,6.000,576.000,3.532902,0.064041,0.006907,0.413181,39.071,0
268,6.000,581.000,3.296500,0.033837,0.002598,0.381091,38.041,0
269,6.000,586.000,3.499639,0.034952,0.006444,0.394169,35.970,0
270,6.000,591.000,3.836694,0.048321,0.015502,0.409119,33.899,0
271,6.000,596.000,3.864497,0.038512,0.017722,0.363628,31.828,0
272,6.000,601.000,3.861481,0.022454,0.015074,0.336444,30.000,0
273,6.000,606.000,3.922163,0.038602,0.008092,0.328515,30.000,0
274,6.000,611.000,3.755976,0.040654,0.008622,0.328168,31.828,0
275,6.000,616.000,3.659314,0.038280,0.010878,0.335528,33.000,0
276,6.000,621.000,3.522912,0.034380,0.006483,0.350840,34.414,0
277,6.000,626.000,3.489387,0.049590,0.002960,0.368224,36.485,0
278,6.000,631.000,3.524180,0.069837,0.009504,0.369826,38.556,0
279,6.000,636.000,3.216494,0.057411,0.010951,0.324223,40.627,0
280,6.000,641.000,3.058907,0.044847,0.010848,0.344505,42.698,0
281,6.000,646.000,2.717049,0.020345,0.011506,0.311662,44.769,0
282,6.000,651.000,2.905012,0.055565,0.016057,0.315769,46.840,0
283,6.000,656.000,2.694156,0.035868,0.021582,0.309500,49.083,0
284,6.000,661.000,2.462390,0.028825,0.026421,0.258808,51.911,0
285,6.000,666.000,2.584001,0.051379,0.025929,0.292135,55.740,0
286,6.000,671.000,2.238114,0.026599,0.019117,0.272381,59.982,0
287,6.000,676.000,2.106397,0.029530,0.009230,0.265022,64.982,0
288,6.000,681.000,2.030298,0.029347,0.006332,0.267420,69.982,0
289,6.000,686.000,2.419393,0.077433,0.007409,0.311421,74.982,0
290,6.000,691.000,2.200012,0.058323,0.005686,0.293530,79.982,0
291,6.000,696.000,2.129319,0.045777,0.004837,0.316207,84.982,0
292,6.000,701.000,1.900890,0.015903,0.010443,0.290361,83.154,0
293,6.000,706.000,2.175164,0.045942,0.016470,0.300293,81.083,0
294,6.000,711.000,2.330080,0.064699,0.019669,0.297628,79.012,0
295,6.000,716.000,2.143894,0.034908,0.021673,0.296355,76.941,0
296,6.000,721.000,2.139809,0.031077,0.024594,0.292335,74.870,0
297,6.000,726.000,2.251634,0.034308,0.024007,0.325564,72.799,0
298,6.000,731.000,2.507874,0.050249,0.019599,0.391622,70.728,0
299,6.000,736.000,2.240130,0.014976,0.015149,0.381369,68.657,0
300,6.000,741.000,2.512622,0.057651,0.011318,0.359853,65.639,0
301,6.000,746.000,2.364669,0.023085,0.008967,0.379836,61.811,0
302,6.000,751.000,2.482041,0.029554,0.009623,0.372137,57.568,0
303,6.000,756.000,2.911557,0.065296,0.009364,0.410245,53.740,0
304,6.000,761.000,2.770704,0.031096,0.003985,0.421943,50.497,0
305,6.000,766.000,2.985025,0.043590,0.016298,0.397358,47.254,0
306,6.000,771.000,3.254955,0.053735,0.031076,0.385430,43.840,0
307,6.000,776.000,3.338247,0.056515,0.033393,0.341470,41.012,0
308,6.000,781.000,2.929680,0.005792,0.024575,0.275403,38.769,0
309,6.000,786.000,3.287817,0.022642,0.022919,0.312640,36.355,0
310,6.000,791.000,3.799209,0.067162,0.020373,0.335676,34.284,0
311,6.000,796.000,3.718192,0.037283,0.007166,0.341423,32.213,0
312,6.000,801.000,4.077631,0.056869,0.004215,0.356617,30.142,0
313,6.000,806.000,4.267671,0.048746,0.009748,0.352408,28.071,0
314,6.000,811.000,4.529617,0.039419,0.012748,0.377805,26.000,0
315,6.000,816.000,4.867143,0.064784,0.016327,0.316383,24.000,0
316,6.000,821.000,4.762691,0.034879,0.020639,0.273680,22.828,0
317,6.000,826.000,5.002590,0.037922,0.026464,0.286750,21.828,0
318,6.000,831.000,5.201656,0.060064,0.031118,0.232540,21.000,0
319,6.000,836.000,5.007984,0.035760,0.030563,0.223098,21.000,0
320,6.000,841.000,5.050975,0.049237,0.024452,0.213647,21.000,0
321,6.000,846.000,5.479777,0.056561,0.026644,0.213930,19.000,0
322,6.000,851.000,5.983821,0.056314,0.035696,0.277569,17.414,0
323,6.000,856.000,6.315494,0.050116,0.035630,0.307006,16.000,0
324,6.000,861.000,6.608673,0.054017,0.026550,0.341738,15.000,0
325,6.000,866.000,6.397514,0.016368,0.013813,0.394498,15.000,0
326,6.000,871.000,6.575985,0.042820,0.004901,0.392788,14.828,0
327,6.000,876.000,6.700718,0.072129,0.007915,0.368300,15.000,0
328,6.000,881.000,6.692448,0.059094,0.010327,0.400534,15.000,0
329,6.000,886.000,6.372875,0.035309,0.010492,0.375516,15.414,0
330,6.000,891.000,6.236151,0.050688,0.012207,0.364864,16.414,0
331,6.000,896.000,5.757885,0.016978,0.018565,0.378263,17.828,0
332,6.000,901.000,5.668229,0.039569,0.021761,0.400735,19.414,0
333,6.000,906.000,5.385061,0.054634,0.015983,0.399780,21.414,0
334,6.000,911.000,5.050038,0.049146,0.009571,0.429869,23.485,0
335,6.000,916.000,4.742322,0.043274,0.011101,0.433045,25.456,0
336,6.000,921.000,5.125788,0.048366,0.015293,0.434994,23.213,0
337,6.000,926.000,5.426552,0.054036,0.016024,0.372337,20.799,0
338,6.000,931.000,5.827414,0.054315,0.013404,0.369697,18.556,0
339,6.000,936.000,6.441909,0.042958,0.011502,0.369441,15.314,0
340,6.000,941.000,7.650701,0.032837,0.010260,0.356638,10.485,0
341,6.000,946.000,9.145991,0.048730,0.009819,0.385097,6.657,0
342,6.000,951.000,10.778745,0.051176,0.013432,0.367022,2.828,0
343,6.000,956.000,11.545965,0.043086,0.020237,0.310719,1.000,0
344,3.500,958.500,10.790524,0.022952,0.018842,0.266936,2.000,0
345,1.000,961.000,16.772485,0.891287,0.016184,0.853593,5.000,0
346,3.500,963.500,10.645091,0.019671,0.013752,0.222836,2.000,0
347,6.000,966.000,11.366370,0.043220,0.009194,0.253757,1.000,0
348,6.000,971.000,10.639719,0.037776,0.001966,0.282104,2.414,0
349,6.000,976.000,9.410810,0.064943,0.006175,0.282768,5.657,0
350,6.000,981.000,8.197586,0.077546,0.006928,0.252190,9.000,0
351,6.000,986.000,7.812340,0.078935,0.005754,0.224314,10.000,0
352,6.000,991.000,7.189935,0.049101,0.002907,0.239857,11.414,0
353,6.000,996.000,6.773484,0.041413,0.006003,0.250152,12.828,0
354,6.000,1001.000,6.503820,0.049827,0.018476,0.260412,14.414,0
355,6.000,1006.000,6.140353,0.050163,0.027620,0.295148,16.485,0
356,6.000,1011.000,5.622246,0.035618,0.029790,0.298686,18.556,0
357,6.000,1016.000,5.461115,0.058390,0.024700,0.354478,20.799,0
358,6.000,1021.000,5.016109,0.041889,0.015015,0.406380,23.213,0
359,6.000,1026.000,4.560915,0.030883,0.006468,0.400543,25.456,0
360,6.000,1031.000,4.263697,0.038311,0.003198,0.387947,27.870,0
361,6.000,1036.000,4.063409,0.047597,0.004801,0.404241,30.698,0
362,6.000,1041.000,3.800265,0.045818,0.009138,0.400523,33.527,0
363,8.500,1043.500,3.638064,0.008762,0.008277,0.446659,33.527,0
364,11.000,1046.000,3.668525,0.002777,0.007227,0.441613,32.527,0
365,13.500,1048.500,3.889525,0.023271,0.012279,0.465378,32.527,0
366,16.000,1051.000,3.996573,0.024554,0.017362,0.498400,32.527,0
367,18.500,1053.500,3.977425,0.042603,0.020581,0.448843,33.112,0
368,21.000,1056.000,3.867948,0.018350,0.017288,0.449720,32.284,0
369,23.500,1058.500,4.048006,0.039297,0.015328,0.444355,31.698,0
370,26.000,1061.000,3.744620,0.011304,0.018037,0.438593,32.870,0
371,28.500,1063.500,3.683861,0.012274,0.021153,0.468897,34.627,0
372,31.000,1066.000,3.608350,0.012399,0.017499,0.484319,35.799,0
373,36.000,1066.000,3.870331,0.024623,0.012471,0.508288,33.941,0
374,41.000,1066.000,4.006080,0.023115,0.011770,0.484871,31.698,0
375,46.000,1066.000,4.101125,0.001429,0.021304,0.471749,29.456,0
376,51.000,1066.000,4.356327,0.014986,0.028320,0.420770,27.385,0
377,56.000,1066.000,4.591059,0.016650,0.027903,0.402063,25.314,0
378,61.000,1066.000,4.789126,0.015989,0.022793,0.369995,23.243,0
379,63.500,1063.500,5.334700,0.022670,0.015853,0.365825,20.000,0
380,66.000,1061.000,6.032919,0.023065,0.012379,0.359987,16.414,0
381,68.500,1058.500,6.610851,0.004862,0.009722,0.355441,13.414,0
382,71.000,1056.000,7.683333,0.023256,0.009134,0.335154,10.000,0
383,73.500,1053.500,8.900428,0.034996,0.006752,0.383456,7.000,0
384,76.000,1051.000,9.997741,0.011662,0.003280,0.370743,3.828,0
